MW, Production, PL, Alloy, Num, Diameter, MTemp, BTemp, BL, ExSpeed, SmST, SpST, OtherST, FlST, OxST, Mould1, Mould2, Mould6, Mould16, DevBL, DevProduction, DevBTemp, BLLow, BLMed, BLHigh, ProductionLow, ProductionMed, ProductionHigh, BTempLow, BTempMed, BTempHigh
1.588,1024.26,5000,1,1,260,441.7,430.53,784,7,0,0,0,1,0,1,0,0,0,-0.46446781,-0.574802865,-0.990717646,1,0,0,0,1,0,1,0,0
1.63,4980.15,4933.333333,1,1,260,500,400.53,819,7.6,0,1,0,0,0,1,0,0,0,-0.246556727,0.755001711879901,-2.0753358,0,1,0,0,0,1,1,0,0
0.888,729.693,5010.5263,0,2,260,510,446.53,982,8.5,0,1,0,0,0,1,0,0,0,0.768286321186144,-0.673823956,-0.412254631,0,0,1,0,1,0,0,1,0
2.321,4355.55,4500,1,1,260,514.3,434.53,777,7.5,0,0,0,0,1,1,0,0,0,-0.508050027,0.545037345189557,-0.846101892,1,0,0,0,0,1,1,0,0
1.485,5447.18,5300,1,1,260,498.2,436.53,779,7.5,0,1,0,0,0,1,0,0,0,-0.495597965,0.911997642356032,-0.773794015,1,0,0,0,0,1,1,0,0
0.532,2456.2108,5406.25,1,3,260,470,446.53,1007,8.1,0,1,0,0,0,1,0,0,0,0.923937095380128,-0.093440965,-0.412254631,0,0,1,0,1,0,0,1,0
1.63,2946.88,5150,1,1,260,484.1,404.53,845,7.1,0,1,0,0,0,1,0,0,0,-0.084679921,0.0715014751516333,-1.930720046,0,1,0,0,1,0,1,0,0
2.552,4317.8564,6175,1,1,260,505,470.53,991,6.7,0,0,0,1,0,1,0,0,0,0.824320599895979,0.532366335179503,0.455439892115377,0,0,1,0,0,1,0,0,1
0.764,4036.17,4750,1,2,260,485.1,438.53,818,6.5,0,1,0,0,0,1,0,0,0,-0.252782758,0.437675162298807,-0.701486138,0,1,0,0,0,1,1,0,0
0.753,677.7,6000,0,2,260,470,436.53,700,6.3,0,1,0,0,0,1,0,0,0,-0.987454412,-0.691301826,-0.773794015,1,0,0,0,1,0,1,0,0
0.55,3996.92,5650,1,3,260,495.3,428.53,786,7.8,0,1,0,0,0,1,0,0,0,-0.452015748,0.424480955778481,-1.063025523,1,0,0,0,0,1,1,0,0
0.679,273.3654,6100,0,2,260,435.7,446.53,862,8,0,0,0,1,0,1,0,0,0,0.0211626050550191,-0.827222188,-0.412254631,0,1,0,1,0,0,0,1,0
0.767,314.3626,5940,1,2,260,451.2,436.53,818,7.1,0,1,0,0,0,1,0,0,0,-0.252782758,-0.813440646,-0.773794015,0,1,0,1,0,0,1,0,0
1.906,33.5456,4400,1,1,260,480.1,462.53,857,7.5,0,0,0,1,0,1,0,0,0,-0.00996755,-0.907839563,0.166208384464812,0,1,0,1,0,0,0,1,0
2.377,1801.8967,3907.5,1,1,260,470,470.53,919,7,0,0,0,1,0,1,0,0,0,0.376046370217304,-0.313393967,0.455439892115377,0,0,1,0,1,0,0,0,1
1.264,21.2352,5600,0,1,260,490,458.53,900,6.5,0,1,0,0,0,1,0,0,0,0.257751781829875,-0.911977804,0.0215926306395298,0,1,0,1,0,0,0,1,0
2.576,13039.39,4375,1,1,328,511.3,462.53,832,8.3,0,0,0,1,0,1,0,0,0,-0.165618324,3.46418074262836,0.166208384464812,0,1,0,0,0,1,0,1,0
3.451,1863.54,6000,1,1,260,470,436.53,788,6.6,0,1,0,0,0,1,0,0,0,-0.439563687,-0.292672071,-0.773794015,1,0,0,0,1,0,1,0,0
2.166,779.76,6000,1,1,260,470,416.53,473,7.2,0,1,0,0,0,1,0,0,0,-2.400763441,-0.656993527,-1.496872785,1,0,0,0,1,0,1,0,0
2.538,10811.88,6000,1,1,260,490,476,973,8,0,1,0,0,0,1,0,0,0,0.71225204247631,2.71538515113555,0.653201935471451,0,0,1,0,0,1,0,0,1
2.504,105.168,6000,1,1,328,489.3,452.53,646,8,0,0,0,0,1,1,0,0,0,-1.323660084,-0.883763111,-0.195331,1,0,0,1,0,0,0,1,0
2.033,9.9617,4900,1,1,260,490,496,993,7,0,0,0,0,1,1,0,0,0,0.836772661831497,-0.915767482,1.37628070459786,0,0,1,1,0,0,0,0,1
2.427,4605.2325,5500,1,1,260,450.3,470.53,1270,8.2,0,1,0,0,0,1,0,0,0,2.56138323990084,0.628970146960549,0.455439892115377,0,0,1,0,0,1,0,0,1
1.987,5484.12,6000,0,1,260,489.5,446.53,1015,7.5,0,0,0,1,0,1,0,0,0,0.973745343122204,0.924415323600895,-0.412254631,0,0,1,0,0,1,0,1,0
1.987,5484.12,6000,0,1,260,489.5,456.53,946,8.5,0,0,0,1,0,1,0,0,0,0.544149206346807,0.924415323600895,-0.050715246,0,0,1,0,0,1,0,1,0
2.576,9952.1184,4700,1,1,328,466.8,458.53,977,7.5,0,0,0,1,0,1,0,0,0,0.737156166347347,2.42636930123373,0.0215926306395298,0,0,1,0,0,1,0,1,0
2.576,8085.03,3800,1,1,328,524,466.53,960,8.7,0,0,0,1,0,1,0,0,0,0.631313639895438,1.79873236005396,0.310824138290094,0,0,1,0,0,1,0,1,0
2.576,13039.39,4375,1,1,328,511.3,464.53,830,8.1,0,0,0,1,0,1,0,0,0,-0.178070386,3.46418074262836,0.238516261377453,0,1,0,0,0,1,0,1,0
1.868,779.5787,5216.6667,0,1,328,510,482,887,8,0,0,0,1,0,0,0,1,0,0.176813379249004,-0.657054472,0.870125566209375,0,1,0,0,1,0,0,0,1
1.35,29.97,5550,0,1,260,482.9,436.53,949,7.7,1,0,0,0,0,1,0,0,0,0.562827299250085,-0.90904153,-0.773794015,0,0,1,1,0,0,1,0,0
2.102,2063.2181,3350,1,1,260,470,448,821,6,0,1,0,0,0,0,1,0,0,-0.234104665,-0.225548655,-0.359108341,0,1,0,0,1,0,0,1,0
3.451,1863.54,6000,1,1,260,470,434.53,809,6.6,0,1,0,0,0,1,0,0,0,-0.308817036,-0.292672071,-0.846101892,0,1,0,0,1,0,1,0,0
2.538,10811.88,6000,1,1,260,490,456.53,987,8.2,0,1,0,0,0,1,0,0,0,0.799416476024941,2.71538515113555,-0.050715246,0,0,1,0,0,1,0,1,0
2.645,918.344,6200,1,1,260,481.6,440.53,790,7,0,0,0,0,1,1,0,0,0,-0.427111625,-0.610407389,-0.629178262,1,0,0,0,1,0,1,0,0
1.065,1770.03,6000,1,2,260,470,452.53,888,10,0,0,0,0,1,0,0,1,0,0.183039410216763,-0.324106218,-0.195331,0,1,0,0,1,0,0,1,0
0.772,928.7932,5300,1,1,260,516.5,462.53,897,8,0,1,0,0,0,1,0,0,0,0.239073688926597,-0.606894805,0.166208384464812,0,1,0,0,1,0,0,1,0
0.763,6576.297,5100,0,2,260,470,458.53,475,7.6,0,1,0,0,0,1,0,0,0,-2.388311379,1.29155949926333,0.0215926306395298,1,0,0,0,0,1,0,1,0
2.166,4561.596,5400,1,1,260,470,420.53,1266,6,0,1,0,0,0,1,0,0,0,2.53647911602981,0.614301382812161,-1.352257031,0,0,1,0,0,1,1,0,0
1.319,2933.9836,5360,1,1,260,459.4,430.53,918,9.2,0,1,0,0,0,1,0,0,0,0.369820339249544,0.067166245470901,-0.990717646,0,0,1,0,1,0,1,0,0
2.35,8839.1138,5475,1,1,260,470,472,846,8.1,0,1,0,0,0,1,0,0,0,-0.07845389,2.05222375854651,0.508586181646169,0,1,0,0,0,1,0,0,1
0.645,23.22,6000,0,2,260,500.7,450.53,842,6.7,0,0,0,0,1,0,1,0,0,-0.103358014,-0.911310597,-0.267638877,0,1,0,1,0,0,0,1,0
2.247,1287.05,6000,1,1,328,438,420,883,10,0,0,1,0,0,0,1,0,0,0.151909255377966,-0.48646387,-1.371418618,0,1,0,0,1,0,1,0,0
2.35,8839.1138,5475,1,1,260,470,478,862,8.1,0,1,0,0,0,1,0,0,0,0.0211626050550191,2.05222375854651,0.725509812384092,0,1,0,0,0,1,0,0,1
2.602,312.24,6000,1,1,260,472.5,432.53,918,7.3,0,0,0,1,0,1,0,0,0,0.369820339249544,-0.814154175,-0.918409769,0,0,1,1,0,0,1,0,0
1.988,3809.89,5650,1,1,260,478,420.53,913,8,0,1,0,0,0,1,0,0,0,0.338690184410747,0.361609301116145,-1.352257031,0,1,0,0,0,1,1,0,0
0.679,273.3654,6100,0,2,260,435.7,446.53,955,9,0,0,0,1,0,1,0,0,0,0.600183485056641,-0.827222188,-0.412254631,0,0,1,1,0,0,0,1,0
1.934,209.2201,6010,0,1,260,447.9,416.53,473,6.1,1,0,0,0,0,1,0,0,0,-2.400763441,-0.848785152,-1.496872785,1,0,0,1,0,0,1,0,0
2.002,2267.21,6100,1,1,260,487.7,418.53,949,6.7,0,0,0,1,0,1,0,0,0,0.562827299250085,-0.15697512,-1.424564908,0,0,1,0,1,0,1,0,0
0.817,1196.1697,6050,0,2,260,510,474.53,702,7,0,1,0,0,0,1,0,0,0,-0.97500235,-0.517014022,0.600055645940659,1,0,0,0,1,0,0,0,1
1.39,1623.6,5400,1,1,260,503.8,450.53,763,6.7,0,0,0,1,0,1,0,0,0,-0.595214461,-0.373329852,-0.267638877,1,0,0,0,1,0,0,1,0
